<project xmlns="http://maven.apache.org/POM/4.0.0"
	xmlns:xsi="http://www.w3.org/2001/XMLSchema-instance"
	xsi:schemaLocation="http://maven.apache.org/POM/4.0.0 https://maven.apache.org/xsd/maven-4.0.0.xsd">
	<modelVersion>4.0.0</modelVersion>
	<groupId>RestAssuredBDD</groupId>
	<artifactId>CucumberBDD-RestAPIz</artifactId>
	<version>0.0.1-SNAPSHOT</version>
	<parent>
    <groupId>org.springframework.boot</groupId>
    <artifactId>spring-boot-starter-parent</artifactId>
    <version>3.3.2</version>
    <relativePath/> <!-- lookup parent from repository -->
  </parent>
	<dependencies>
		<!-- Selenium -->
		<dependency>
			<groupId>org.seleniumhq.selenium</groupId>
			<artifactId>selenium-java</artifactId>
			<version>4.20.0</version>
		</dependency>
		<!-- REST Assured -->
		<dependency>
			<groupId>io.rest-assured</groupId>
			<artifactId>rest-assured</artifactId>
			<version>5.4.0</version>
			<scope>test</scope>
		</dependency>
		<dependency>
			<groupId>io.rest-assured</groupId>
			<artifactId>json-path</artifactId>
			<version>5.4.0</version>
			<scope>test</scope>
		</dependency>
		<dependency>
			<groupId>io.rest-assured</groupId>
			<artifactId>xml-path</artifactId>
			<version>5.4.0</version>
			<scope>test</scope>
		</dependency>
		<dependency>
			<groupId>io.rest-assured</groupId>
			<artifactId>json-schema-validator</artifactId>
			<version>5.4.0</version>
		</dependency>

		<!-- https://mvnrepository.com/artifact/org.springframework.boot/spring-boot-starter-web -->
		<dependency>
			<groupId>org.springframework.boot</groupId>
			<artifactId>spring-boot-starter-web</artifactId>
			<version>3.3.2</version>
		</dependency>
<!--
		<dependency>
			<groupId>org.springframework.boot</groupId>
			<artifactId>spring-boot-dependencies</artifactId>
			<version>3.3.0</version>
			<type>pom</type>
			<scope>import</scope>
		</dependency>-->
   <dependency>
      <groupId>org.springframework.boot</groupId>
      <artifactId>spring-boot-starter-test</artifactId>
      <scope>test</scope>
    </dependency>

		<!-- Cucumber Dependency -->
		<dependency>
			<groupId>io.cucumber</groupId>
			<artifactId>cucumber-java</artifactId>
			<version>7.13.0</version>
		</dependency>
		<dependency>
			<groupId>io.cucumber</groupId>
			<artifactId>cucumber-junit</artifactId>
			<version>7.13.0</version>
			<scope>test</scope>
		</dependency>
		<dependency>
			<groupId>io.cucumber</groupId>
			<artifactId>cucumber-core</artifactId>
			<version>7.13.0</version>
		</dependency>
		<dependency>
			<groupId>io.cucumber</groupId>
			<artifactId>cucumber-picocontainer</artifactId>
			<version>7.13.0</version>
		</dependency>

		<!-- TestNG -->
		<dependency>
			<groupId>org.testng</groupId>
			<artifactId>testng</artifactId>
			<version>7.10.1</version>
			<scope>test</scope>
		</dependency>
		<dependency>
			<groupId>org.apache.commons</groupId>
			<artifactId>commons-lang3</artifactId>
			<version>3.12.0</version>
		</dependency>
		<dependency>
            <groupId>org.springframework.boot</groupId>
            <artifactId>spring-boot-starter-data-jpa</artifactId>
        </dependency>

        <!-- PostgreSQL database -->
        <dependency>
            <groupId>org.postgresql</groupId>
            <artifactId>postgresql</artifactId>
            <scope>runtime</scope>
        </dependency>

		<!-- -->
		<dependency>
			<groupId>org.hamcrest</groupId>
			<artifactId>hamcrest-core</artifactId>
			<version>2.2</version>
			<scope>test</scope>
		</dependency>
		<dependency>
			<groupId>org.hamcrest</groupId>
			<artifactId>java-hamcrest</artifactId>
			<version>2.0.0.0</version>
			<scope>test</scope>
		</dependency>
		<dependency>
			<groupId>org.hamcrest</groupId>
			<artifactId>hamcrest-library</artifactId>
			<version>2.2</version>
			<scope>test</scope>
		</dependency>
	</dependencies>
	<build>
		<plugins>
			<plugin>
				<groupId>org.apache.maven.plugins</groupId>
				<artifactId>maven-compiler-plugin</artifactId>
				<version>3.11.0</version>
				<configuration>
					<source>11</source>
					<target>11</target>
					<annotationProcessorPaths>
						<path>
							<groupId>org.projectlombok</groupId>
							<artifactId>lombok</artifactId>
							<version>1.18.24</version>
						</path>
					</annotationProcessorPaths>
				</configuration>
			</plugin>
			<plugin>
				<groupId>org.apache.maven.plugins</groupId>
				<artifactId>maven-surefire-plugin</artifactId>
				<version>3.0.0-M5</version>
				<configuration>
					<includes>
						<include>**/*Test.java</include>
					</includes>
					<systemPropertyVariables>
						<cucumber.options>--plugin pretty --glue
							src/test/java/com
							src/test/resources/features</cucumber.options>
					</systemPropertyVariables>
				</configuration>
			</plugin>
		<plugin>
        <groupId>org.springframework.boot</groupId>
        <artifactId>spring-boot-maven-plugin</artifactId>
      </plugin>
		</plugins>
	</build>
</project>