{
  "company": {
    "name": "Volkswagen AG",
    "headquarters": "Wolfsburg, Germany",
    "founded": 1937,
    "type": "Automotive Conglomerate",
    "brands": {
      "cars": [
        "Volkswagen Passenger Cars",
        "Audi",
        "Porsche",
        "SEAT",
        "Škoda",
        "Lamborghini",
        "Bentley",
        "Bugatti"
      ],
      "trucks": [
        "MAN",
        "Scania",
        "Volkswagen Caminhões e Ônibus"
      ],
      "buses": [
        "Volkswagen Bus",
        "MAN Bus",
        "Scania Bus"
      ]
    },
    "subsidiaries": [
      {
        "name": "Volkswagen Financial Services",
        "type": "Finance",
        "services": ["Leasing", "Banking", "Insurance", "Fleet Management"]
      },
      {
        "name": "Volkswagen Group Components",
        "type": "Manufacturing",
        "focus": ["Batteries", "Electric Drives", "Charging Infrastructure"]
      },
      {
        "name": "Cariad",
        "type": "Software",
        "focus": ["Automotive Software", "ADAS", "Infotainment"]
      }
    ],
    "sustainability": {
      "strategy": "Way to Zero",
      "goals": {
        "carbonNeutralBy": 2050,
        "electricVehiclesShareBy2030": "70%"
      }
    }
  }
}
